event_id,episode_id,impact_url,event_type
1450236,1599251,https://www.gdacs.org/Earthquakes/report.aspx?eventid=1450236&episodeid=1599251&eventtype=EQ,Earthquakes
1450235,1599247,https://www.gdacs.org/Earthquakes/report.aspx?eventid=1450235&episodeid=1599247&eventtype=EQ,Earthquakes
1450234,1599246,https://www.gdacs.org/Earthquakes/report.aspx?eventid=1450234&episodeid=1599246&eventtype=EQ,Earthquakes
1450218,1599228,https://www.gdacs.org/Earthquakes/report.aspx?eventid=1450218&episodeid=1599228&eventtype=EQ,Earthquakes
1450215,1599224,https://www.gdacs.org/Earthquakes/report.aspx?eventid=1450215&episodeid=1599224&eventtype=EQ,Earthquakes
1450206,1599213,https://www.gdacs.org/Earthquakes/report.aspx?eventid=1450206&episodeid=1599213&eventtype=EQ,Earthquakes
1450207,1599212,https://www.gdacs.org/Earthquakes/report.aspx?eventid=1450207&episodeid=1599212&eventtype=EQ,Earthquakes
1450203,1599207,https://www.gdacs.org/Earthquakes/report.aspx?eventid=1450203&episodeid=1599207&eventtype=EQ,Earthquakes
1450187,1599187,https://www.gdacs.org/Earthquakes/report.aspx?eventid=1450187&episodeid=1599187&eventtype=EQ,Earthquakes
1450182,1599181,https://www.gdacs.org/Earthquakes/report.aspx?eventid=1450182&episodeid=1599181&eventtype=EQ,Earthquakes
1450160,1599148,https://www.gdacs.org/Earthquakes/report.aspx?eventid=1450160&episodeid=1599148&eventtype=EQ,Earthquakes
1450155,1599140,https://www.gdacs.org/Earthquakes/report.aspx?eventid=1450155&episodeid=1599140&eventtype=EQ,Earthquakes
1450141,1599134,https://www.gdacs.org/Earthquakes/report.aspx?eventid=1450141&episodeid=1599134&eventtype=EQ,Earthquakes
1450129,1599111,https://www.gdacs.org/Earthquakes/report.aspx?eventid=1450129&episodeid=1599111&eventtype=EQ,Earthquakes
1450115,1599098,https://www.gdacs.org/Earthquakes/report.aspx?eventid=1450115&episodeid=1599098&eventtype=EQ,Earthquakes
1450100,1599072,https://www.gdacs.org/Earthquakes/report.aspx?eventid=1450100&episodeid=1599072&eventtype=EQ,Earthquakes
1450096,1599067,https://www.gdacs.org/Earthquakes/report.aspx?eventid=1450096&episodeid=1599067&eventtype=EQ,Earthquakes
1450091,1599062,https://www.gdacs.org/Earthquakes/report.aspx?eventid=1450091&episodeid=1599062&eventtype=EQ,Earthquakes
1450088,1599055,https://www.gdacs.org/Earthquakes/report.aspx?eventid=1450088&episodeid=1599055&eventtype=EQ,Earthquakes
1450066,1599028,https://www.gdacs.org/Earthquakes/report.aspx?eventid=1450066&episodeid=1599028&eventtype=EQ,Earthquakes
1450061,1599019,https://www.gdacs.org/Earthquakes/report.aspx?eventid=1450061&episodeid=1599019&eventtype=EQ,Earthquakes
1450050,1599008,https://www.gdacs.org/Earthquakes/report.aspx?eventid=1450050&episodeid=1599008&eventtype=EQ,Earthquakes
1450049,1599004,https://www.gdacs.org/Earthquakes/report.aspx?eventid=1450049&episodeid=1599004&eventtype=EQ,Earthquakes
1450041,1598995,https://www.gdacs.org/Earthquakes/report.aspx?eventid=1450041&episodeid=1598995&eventtype=EQ,Earthquakes
1450039,1598994,https://www.gdacs.org/Earthquakes/report.aspx?eventid=1450039&episodeid=1598994&eventtype=EQ,Earthquakes
1450024,1598972,https://www.gdacs.org/Earthquakes/report.aspx?eventid=1450024&episodeid=1598972&eventtype=EQ,Earthquakes
1449993,1598939,https://www.gdacs.org/Earthquakes/report.aspx?eventid=1449993&episodeid=1598939&eventtype=EQ,Earthquakes
1449969,1598914,https://www.gdacs.org/Earthquakes/report.aspx?eventid=1449969&episodeid=1598914&eventtype=EQ,Earthquakes
1449965,1598909,https://www.gdacs.org/Earthquakes/report.aspx?eventid=1449965&episodeid=1598909&eventtype=EQ,Earthquakes
1449963,1598906,https://www.gdacs.org/Earthquakes/report.aspx?eventid=1449963&episodeid=1598906&eventtype=EQ,Earthquakes
1449931,1598863,https://www.gdacs.org/Earthquakes/report.aspx?eventid=1449931&episodeid=1598863&eventtype=EQ,Earthquakes
1449905,1598833,https://www.gdacs.org/Earthquakes/report.aspx?eventid=1449905&episodeid=1598833&eventtype=EQ,Earthquakes
1449899,1598824,https://www.gdacs.org/Earthquakes/report.aspx?eventid=1449899&episodeid=1598824&eventtype=EQ,Earthquakes
1449890,1598814,https://www.gdacs.org/Earthquakes/report.aspx?eventid=1449890&episodeid=1598814&eventtype=EQ,Earthquakes
1449875,1598792,https://www.gdacs.org/Earthquakes/report.aspx?eventid=1449875&episodeid=1598792&eventtype=EQ,Earthquakes
1449868,1598786,https://www.gdacs.org/Earthquakes/report.aspx?eventid=1449868&episodeid=1598786&eventtype=EQ,Earthquakes
1449849,1598764,https://www.gdacs.org/Earthquakes/report.aspx?eventid=1449849&episodeid=1598764&eventtype=EQ,Earthquakes
1449844,1599194,https://www.gdacs.org/Earthquakes/report.aspx?eventid=1449844&episodeid=1599194&eventtype=EQ,Earthquakes
1449835,1599177,https://www.gdacs.org/Earthquakes/report.aspx?eventid=1449835&episodeid=1599177&eventtype=EQ,Earthquakes
1449819,1598740,https://www.gdacs.org/Earthquakes/report.aspx?eventid=1449819&episodeid=1598740&eventtype=EQ,Earthquakes
1449820,1598737,https://www.gdacs.org/Earthquakes/report.aspx?eventid=1449820&episodeid=1598737&eventtype=EQ,Earthquakes
1449798,1598691,https://www.gdacs.org/Earthquakes/report.aspx?eventid=1449798&episodeid=1598691&eventtype=EQ,Earthquakes
1449780,1598683,https://www.gdacs.org/Earthquakes/report.aspx?eventid=1449780&episodeid=1598683&eventtype=EQ,Earthquakes
1449761,1598643,https://www.gdacs.org/Earthquakes/report.aspx?eventid=1449761&episodeid=1598643&eventtype=EQ,Earthquakes
1449757,1598637,https://www.gdacs.org/Earthquakes/report.aspx?eventid=1449757&episodeid=1598637&eventtype=EQ,Earthquakes
1449754,1598631,https://www.gdacs.org/Earthquakes/report.aspx?eventid=1449754&episodeid=1598631&eventtype=EQ,Earthquakes
1449749,1598623,https://www.gdacs.org/Earthquakes/report.aspx?eventid=1449749&episodeid=1598623&eventtype=EQ,Earthquakes
1449746,1598624,https://www.gdacs.org/Earthquakes/report.aspx?eventid=1449746&episodeid=1598624&eventtype=EQ,Earthquakes
1449736,1598610,https://www.gdacs.org/Earthquakes/report.aspx?eventid=1449736&episodeid=1598610&eventtype=EQ,Earthquakes
1449727,1598595,https://www.gdacs.org/Earthquakes/report.aspx?eventid=1449727&episodeid=1598595&eventtype=EQ,Earthquakes
1449722,1598586,https://www.gdacs.org/Earthquakes/report.aspx?eventid=1449722&episodeid=1598586&eventtype=EQ,Earthquakes
1449712,1598567,https://www.gdacs.org/Earthquakes/report.aspx?eventid=1449712&episodeid=1598567&eventtype=EQ,Earthquakes
1449700,1598555,https://www.gdacs.org/Earthquakes/report.aspx?eventid=1449700&episodeid=1598555&eventtype=EQ,Earthquakes
1449695,1598551,https://www.gdacs.org/Earthquakes/report.aspx?eventid=1449695&episodeid=1598551&eventtype=EQ,Earthquakes
1449684,1598535,https://www.gdacs.org/Earthquakes/report.aspx?eventid=1449684&episodeid=1598535&eventtype=EQ,Earthquakes
1449681,1598531,https://www.gdacs.org/Earthquakes/report.aspx?eventid=1449681&episodeid=1598531&eventtype=EQ,Earthquakes
1449680,1598529,https://www.gdacs.org/Earthquakes/report.aspx?eventid=1449680&episodeid=1598529&eventtype=EQ,Earthquakes
1449679,1598526,https://www.gdacs.org/Earthquakes/report.aspx?eventid=1449679&episodeid=1598526&eventtype=EQ,Earthquakes
1449665,1598505,https://www.gdacs.org/Earthquakes/report.aspx?eventid=1449665&episodeid=1598505&eventtype=EQ,Earthquakes
1449659,1598496,https://www.gdacs.org/Earthquakes/report.aspx?eventid=1449659&episodeid=1598496&eventtype=EQ,Earthquakes
1449655,1598491,https://www.gdacs.org/Earthquakes/report.aspx?eventid=1449655&episodeid=1598491&eventtype=EQ,Earthquakes
1449653,1598487,https://www.gdacs.org/Earthquakes/report.aspx?eventid=1449653&episodeid=1598487&eventtype=EQ,Earthquakes
1449664,1598503,https://www.gdacs.org/Earthquakes/report.aspx?eventid=1449664&episodeid=1598503&eventtype=EQ,Earthquakes
1449652,1598494,https://www.gdacs.org/Earthquakes/report.aspx?eventid=1449652&episodeid=1598494&eventtype=EQ,Earthquakes
1449645,1598478,https://www.gdacs.org/Earthquakes/report.aspx?eventid=1449645&episodeid=1598478&eventtype=EQ,Earthquakes
1449642,1598472,https://www.gdacs.org/Earthquakes/report.aspx?eventid=1449642&episodeid=1598472&eventtype=EQ,Earthquakes
1449643,1598474,https://www.gdacs.org/Earthquakes/report.aspx?eventid=1449643&episodeid=1598474&eventtype=EQ,Earthquakes
1449635,1598464,https://www.gdacs.org/Earthquakes/report.aspx?eventid=1449635&episodeid=1598464&eventtype=EQ,Earthquakes
1449621,1598459,https://www.gdacs.org/Earthquakes/report.aspx?eventid=1449621&episodeid=1598459&eventtype=EQ,Earthquakes
1449605,1598446,https://www.gdacs.org/Earthquakes/report.aspx?eventid=1449605&episodeid=1598446&eventtype=EQ,Earthquakes
1449595,1598419,https://www.gdacs.org/Earthquakes/report.aspx?eventid=1449595&episodeid=1598419&eventtype=EQ,Earthquakes
1449591,1598413,https://www.gdacs.org/Earthquakes/report.aspx?eventid=1449591&episodeid=1598413&eventtype=EQ,Earthquakes
1449585,1598401,https://www.gdacs.org/Earthquakes/report.aspx?eventid=1449585&episodeid=1598401&eventtype=EQ,Earthquakes
1449580,1598395,https://www.gdacs.org/Earthquakes/report.aspx?eventid=1449580&episodeid=1598395&eventtype=EQ,Earthquakes
1449577,1598390,https://www.gdacs.org/Earthquakes/report.aspx?eventid=1449577&episodeid=1598390&eventtype=EQ,Earthquakes
1449572,1598735,https://www.gdacs.org/Earthquakes/report.aspx?eventid=1449572&episodeid=1598735&eventtype=EQ,Earthquakes
1449569,1598730,https://www.gdacs.org/Earthquakes/report.aspx?eventid=1449569&episodeid=1598730&eventtype=EQ,Earthquakes
1449567,1598725,https://www.gdacs.org/Earthquakes/report.aspx?eventid=1449567&episodeid=1598725&eventtype=EQ,Earthquakes
1449554,1598713,https://www.gdacs.org/Earthquakes/report.aspx?eventid=1449554&episodeid=1598713&eventtype=EQ,Earthquakes
1449552,1598707,https://www.gdacs.org/Earthquakes/report.aspx?eventid=1449552&episodeid=1598707&eventtype=EQ,Earthquakes
1449536,1598338,https://www.gdacs.org/Earthquakes/report.aspx?eventid=1449536&episodeid=1598338&eventtype=EQ,Earthquakes
1449529,1598328,https://www.gdacs.org/Earthquakes/report.aspx?eventid=1449529&episodeid=1598328&eventtype=EQ,Earthquakes
1449518,1598322,https://www.gdacs.org/Earthquakes/report.aspx?eventid=1449518&episodeid=1598322&eventtype=EQ,Earthquakes
1449519,1598318,https://www.gdacs.org/Earthquakes/report.aspx?eventid=1449519&episodeid=1598318&eventtype=EQ,Earthquakes
1449516,1598312,https://www.gdacs.org/Earthquakes/report.aspx?eventid=1449516&episodeid=1598312&eventtype=EQ,Earthquakes
1449513,1598306,https://www.gdacs.org/Earthquakes/report.aspx?eventid=1449513&episodeid=1598306&eventtype=EQ,Earthquakes
1449504,1598309,https://www.gdacs.org/Earthquakes/report.aspx?eventid=1449504&episodeid=1598309&eventtype=EQ,Earthquakes
1449497,1598292,https://www.gdacs.org/Earthquakes/report.aspx?eventid=1449497&episodeid=1598292&eventtype=EQ,Earthquakes
1449495,1598286,https://www.gdacs.org/Earthquakes/report.aspx?eventid=1449495&episodeid=1598286&eventtype=EQ,Earthquakes
1449447,1598231,https://www.gdacs.org/Earthquakes/report.aspx?eventid=1449447&episodeid=1598231&eventtype=EQ,Earthquakes
1449406,1598183,https://www.gdacs.org/Earthquakes/report.aspx?eventid=1449406&episodeid=1598183&eventtype=EQ,Earthquakes
1449402,1598177,https://www.gdacs.org/Earthquakes/report.aspx?eventid=1449402&episodeid=1598177&eventtype=EQ,Earthquakes
1449395,1598167,https://www.gdacs.org/Earthquakes/report.aspx?eventid=1449395&episodeid=1598167&eventtype=EQ,Earthquakes
1449369,1598127,https://www.gdacs.org/Earthquakes/report.aspx?eventid=1449369&episodeid=1598127&eventtype=EQ,Earthquakes
1449362,1598125,https://www.gdacs.org/Earthquakes/report.aspx?eventid=1449362&episodeid=1598125&eventtype=EQ,Earthquakes
1449364,1598126,https://www.gdacs.org/Earthquakes/report.aspx?eventid=1449364&episodeid=1598126&eventtype=EQ,Earthquakes
1449348,1598099,https://www.gdacs.org/Earthquakes/report.aspx?eventid=1449348&episodeid=1598099&eventtype=EQ,Earthquakes
1449347,1598114,https://www.gdacs.org/Earthquakes/report.aspx?eventid=1449347&episodeid=1598114&eventtype=EQ,Earthquakes
1449346,1598095,https://www.gdacs.org/Earthquakes/report.aspx?eventid=1449346&episodeid=1598095&eventtype=EQ,Earthquakes
1449354,1598106,https://www.gdacs.org/Earthquakes/report.aspx?eventid=1449354&episodeid=1598106&eventtype=EQ,Earthquakes
1102968,1,https://www.gdacs.org/Floods/report.aspx?eventid=1102968&episodeid=1&eventtype=FL,Floods
1102967,1,https://www.gdacs.org/Floods/report.aspx?eventid=1102967&episodeid=1&eventtype=FL,Floods
1102961,5,https://www.gdacs.org/Floods/report.aspx?eventid=1102961&episodeid=5&eventtype=FL,Floods
1102931,4,https://www.gdacs.org/Floods/report.aspx?eventid=1102931&episodeid=4&eventtype=FL,Floods
1102965,1,https://www.gdacs.org/Floods/report.aspx?eventid=1102965&episodeid=1&eventtype=FL,Floods
1102964,1,https://www.gdacs.org/Floods/report.aspx?eventid=1102964&episodeid=1&eventtype=FL,Floods
1102962,2,https://www.gdacs.org/Floods/report.aspx?eventid=1102962&episodeid=2&eventtype=FL,Floods
1102960,1,https://www.gdacs.org/Floods/report.aspx?eventid=1102960&episodeid=1&eventtype=FL,Floods
1102956,1,https://www.gdacs.org/Floods/report.aspx?eventid=1102956&episodeid=1&eventtype=FL,Floods
1102955,2,https://www.gdacs.org/Floods/report.aspx?eventid=1102955&episodeid=2&eventtype=FL,Floods
1102952,3,https://www.gdacs.org/Floods/report.aspx?eventid=1102952&episodeid=3&eventtype=FL,Floods
1102959,1,https://www.gdacs.org/Floods/report.aspx?eventid=1102959&episodeid=1&eventtype=FL,Floods
1102928,5,https://www.gdacs.org/Floods/report.aspx?eventid=1102928&episodeid=5&eventtype=FL,Floods
1102954,1,https://www.gdacs.org/Floods/report.aspx?eventid=1102954&episodeid=1&eventtype=FL,Floods
1102953,1,https://www.gdacs.org/Floods/report.aspx?eventid=1102953&episodeid=1&eventtype=FL,Floods
1102958,1,https://www.gdacs.org/Floods/report.aspx?eventid=1102958&episodeid=1&eventtype=FL,Floods
1102925,2,https://www.gdacs.org/Floods/report.aspx?eventid=1102925&episodeid=2&eventtype=FL,Floods
1102963,1,https://www.gdacs.org/Floods/report.aspx?eventid=1102963&episodeid=1&eventtype=FL,Floods
1102951,1,https://www.gdacs.org/Floods/report.aspx?eventid=1102951&episodeid=1&eventtype=FL,Floods
1102949,1,https://www.gdacs.org/Floods/report.aspx?eventid=1102949&episodeid=1&eventtype=FL,Floods
1102957,1,https://www.gdacs.org/Floods/report.aspx?eventid=1102957&episodeid=1&eventtype=FL,Floods
1102948,1,https://www.gdacs.org/Floods/report.aspx?eventid=1102948&episodeid=1&eventtype=FL,Floods
1102947,1,https://www.gdacs.org/Floods/report.aspx?eventid=1102947&episodeid=1&eventtype=FL,Floods
1102833,22,https://www.gdacs.org/Floods/report.aspx?eventid=1102833&episodeid=22&eventtype=FL,Floods
1102946,1,https://www.gdacs.org/Floods/report.aspx?eventid=1102946&episodeid=1&eventtype=FL,Floods
1102943,2,https://www.gdacs.org/Floods/report.aspx?eventid=1102943&episodeid=2&eventtype=FL,Floods
1102944,1,https://www.gdacs.org/Floods/report.aspx?eventid=1102944&episodeid=1&eventtype=FL,Floods
1102945,5,https://www.gdacs.org/Floods/report.aspx?eventid=1102945&episodeid=5&eventtype=FL,Floods
1102939,1,https://www.gdacs.org/Floods/report.aspx?eventid=1102939&episodeid=1&eventtype=FL,Floods
1102937,1,https://www.gdacs.org/Floods/report.aspx?eventid=1102937&episodeid=1&eventtype=FL,Floods
1102926,2,https://www.gdacs.org/Floods/report.aspx?eventid=1102926&episodeid=2&eventtype=FL,Floods
1102940,1,https://www.gdacs.org/Floods/report.aspx?eventid=1102940&episodeid=1&eventtype=FL,Floods
1102938,1,https://www.gdacs.org/Floods/report.aspx?eventid=1102938&episodeid=1&eventtype=FL,Floods
1102935,1,https://www.gdacs.org/Floods/report.aspx?eventid=1102935&episodeid=1&eventtype=FL,Floods
1102934,1,https://www.gdacs.org/Floods/report.aspx?eventid=1102934&episodeid=1&eventtype=FL,Floods
1102966,1,https://www.gdacs.org/Floods/report.aspx?eventid=1102966&episodeid=1&eventtype=FL,Floods
1102933,1,https://www.gdacs.org/Floods/report.aspx?eventid=1102933&episodeid=1&eventtype=FL,Floods
1102932,1,https://www.gdacs.org/Floods/report.aspx?eventid=1102932&episodeid=1&eventtype=FL,Floods
1102930,1,https://www.gdacs.org/Floods/report.aspx?eventid=1102930&episodeid=1&eventtype=FL,Floods
1102929,1,https://www.gdacs.org/Floods/report.aspx?eventid=1102929&episodeid=1&eventtype=FL,Floods
1102885,7,https://www.gdacs.org/Floods/report.aspx?eventid=1102885&episodeid=7&eventtype=FL,Floods
1102950,1,https://www.gdacs.org/Floods/report.aspx?eventid=1102950&episodeid=1&eventtype=FL,Floods
1102927,1,https://www.gdacs.org/Floods/report.aspx?eventid=1102927&episodeid=1&eventtype=FL,Floods
1102922,1,https://www.gdacs.org/Floods/report.aspx?eventid=1102922&episodeid=1&eventtype=FL,Floods
1102924,1,https://www.gdacs.org/Floods/report.aspx?eventid=1102924&episodeid=1&eventtype=FL,Floods
1102919,1,https://www.gdacs.org/Floods/report.aspx?eventid=1102919&episodeid=1&eventtype=FL,Floods
1102920,1,https://www.gdacs.org/Floods/report.aspx?eventid=1102920&episodeid=1&eventtype=FL,Floods
1102918,1,https://www.gdacs.org/Floods/report.aspx?eventid=1102918&episodeid=1&eventtype=FL,Floods
1102923,1,https://www.gdacs.org/Floods/report.aspx?eventid=1102923&episodeid=1&eventtype=FL,Floods
1102917,1,https://www.gdacs.org/Floods/report.aspx?eventid=1102917&episodeid=1&eventtype=FL,Floods
1102921,1,https://www.gdacs.org/Floods/report.aspx?eventid=1102921&episodeid=1&eventtype=FL,Floods
1102915,1,https://www.gdacs.org/Floods/report.aspx?eventid=1102915&episodeid=1&eventtype=FL,Floods
1102914,1,https://www.gdacs.org/Floods/report.aspx?eventid=1102914&episodeid=1&eventtype=FL,Floods
1102907,6,https://www.gdacs.org/Floods/report.aspx?eventid=1102907&episodeid=6&eventtype=FL,Floods
1102913,1,https://www.gdacs.org/Floods/report.aspx?eventid=1102913&episodeid=1&eventtype=FL,Floods
1102912,1,https://www.gdacs.org/Floods/report.aspx?eventid=1102912&episodeid=1&eventtype=FL,Floods
1102910,1,https://www.gdacs.org/Floods/report.aspx?eventid=1102910&episodeid=1&eventtype=FL,Floods
1102909,1,https://www.gdacs.org/Floods/report.aspx?eventid=1102909&episodeid=1&eventtype=FL,Floods
1102720,24,https://www.gdacs.org/Floods/report.aspx?eventid=1102720&episodeid=24&eventtype=FL,Floods
1102911,1,https://www.gdacs.org/Floods/report.aspx?eventid=1102911&episodeid=1&eventtype=FL,Floods
1102908,1,https://www.gdacs.org/Floods/report.aspx?eventid=1102908&episodeid=1&eventtype=FL,Floods
1102896,3,https://www.gdacs.org/Floods/report.aspx?eventid=1102896&episodeid=3&eventtype=FL,Floods
1102916,1,https://www.gdacs.org/Floods/report.aspx?eventid=1102916&episodeid=1&eventtype=FL,Floods
1102942,1,https://www.gdacs.org/Floods/report.aspx?eventid=1102942&episodeid=1&eventtype=FL,Floods
1102903,1,https://www.gdacs.org/Floods/report.aspx?eventid=1102903&episodeid=1&eventtype=FL,Floods
1102892,2,https://www.gdacs.org/Floods/report.aspx?eventid=1102892&episodeid=2&eventtype=FL,Floods
1102905,1,https://www.gdacs.org/Floods/report.aspx?eventid=1102905&episodeid=1&eventtype=FL,Floods
1102899,3,https://www.gdacs.org/Floods/report.aspx?eventid=1102899&episodeid=3&eventtype=FL,Floods
1102859,8,https://www.gdacs.org/Floods/report.aspx?eventid=1102859&episodeid=8&eventtype=FL,Floods
1102906,1,https://www.gdacs.org/Floods/report.aspx?eventid=1102906&episodeid=1&eventtype=FL,Floods
1102904,1,https://www.gdacs.org/Floods/report.aspx?eventid=1102904&episodeid=1&eventtype=FL,Floods
1102678,30,https://www.gdacs.org/Floods/report.aspx?eventid=1102678&episodeid=30&eventtype=FL,Floods
1102902,1,https://www.gdacs.org/Floods/report.aspx?eventid=1102902&episodeid=1&eventtype=FL,Floods
1102901,1,https://www.gdacs.org/Floods/report.aspx?eventid=1102901&episodeid=1&eventtype=FL,Floods
1102897,1,https://www.gdacs.org/Floods/report.aspx?eventid=1102897&episodeid=1&eventtype=FL,Floods
1102895,1,https://www.gdacs.org/Floods/report.aspx?eventid=1102895&episodeid=1&eventtype=FL,Floods
1102884,2,https://www.gdacs.org/Floods/report.aspx?eventid=1102884&episodeid=2&eventtype=FL,Floods
1102894,1,https://www.gdacs.org/Floods/report.aspx?eventid=1102894&episodeid=1&eventtype=FL,Floods
1102891,1,https://www.gdacs.org/Floods/report.aspx?eventid=1102891&episodeid=1&eventtype=FL,Floods
1102890,1,https://www.gdacs.org/Floods/report.aspx?eventid=1102890&episodeid=1&eventtype=FL,Floods
1102883,1,https://www.gdacs.org/Floods/report.aspx?eventid=1102883&episodeid=1&eventtype=FL,Floods
1102877,2,https://www.gdacs.org/Floods/report.aspx?eventid=1102877&episodeid=2&eventtype=FL,Floods
1102889,1,https://www.gdacs.org/Floods/report.aspx?eventid=1102889&episodeid=1&eventtype=FL,Floods
1102882,1,https://www.gdacs.org/Floods/report.aspx?eventid=1102882&episodeid=1&eventtype=FL,Floods
1102880,1,https://www.gdacs.org/Floods/report.aspx?eventid=1102880&episodeid=1&eventtype=FL,Floods
1102879,2,https://www.gdacs.org/Floods/report.aspx?eventid=1102879&episodeid=2&eventtype=FL,Floods
1102872,2,https://www.gdacs.org/Floods/report.aspx?eventid=1102872&episodeid=2&eventtype=FL,Floods
1102864,1,https://www.gdacs.org/Floods/report.aspx?eventid=1102864&episodeid=1&eventtype=FL,Floods
1102861,1,https://www.gdacs.org/Floods/report.aspx?eventid=1102861&episodeid=1&eventtype=FL,Floods
1102783,14,https://www.gdacs.org/Floods/report.aspx?eventid=1102783&episodeid=14&eventtype=FL,Floods
1102881,1,https://www.gdacs.org/Floods/report.aspx?eventid=1102881&episodeid=1&eventtype=FL,Floods
1102869,1,https://www.gdacs.org/Floods/report.aspx?eventid=1102869&episodeid=1&eventtype=FL,Floods
1102866,1,https://www.gdacs.org/Floods/report.aspx?eventid=1102866&episodeid=1&eventtype=FL,Floods
1102862,1,https://www.gdacs.org/Floods/report.aspx?eventid=1102862&episodeid=1&eventtype=FL,Floods
1102874,1,https://www.gdacs.org/Floods/report.aspx?eventid=1102874&episodeid=1&eventtype=FL,Floods
1102870,3,https://www.gdacs.org/Floods/report.aspx?eventid=1102870&episodeid=3&eventtype=FL,Floods
1102868,1,https://www.gdacs.org/Floods/report.aspx?eventid=1102868&episodeid=1&eventtype=FL,Floods
1102853,2,https://www.gdacs.org/Floods/report.aspx?eventid=1102853&episodeid=2&eventtype=FL,Floods
1102888,1,https://www.gdacs.org/Floods/report.aspx?eventid=1102888&episodeid=1&eventtype=FL,Floods
1102865,2,https://www.gdacs.org/Floods/report.aspx?eventid=1102865&episodeid=2&eventtype=FL,Floods
1001114,9,https://www.gdacs.org/Cyclones/report.aspx?eventid=1001114&episodeid=9&eventtype=TC,Cyclones
1001115,4,https://www.gdacs.org/Cyclones/report.aspx?eventid=1001115&episodeid=4&eventtype=TC,Cyclones
1001113,8,https://www.gdacs.org/Cyclones/report.aspx?eventid=1001113&episodeid=8&eventtype=TC,Cyclones
1001110,41,https://www.gdacs.org/Cyclones/report.aspx?eventid=1001110&episodeid=41&eventtype=TC,Cyclones
1001111,23,https://www.gdacs.org/Cyclones/report.aspx?eventid=1001111&episodeid=23&eventtype=TC,Cyclones
1001112,15,https://www.gdacs.org/Cyclones/report.aspx?eventid=1001112&episodeid=15&eventtype=TC,Cyclones
1001107,33,https://www.gdacs.org/Cyclones/report.aspx?eventid=1001107&episodeid=33&eventtype=TC,Cyclones
1001109,9,https://www.gdacs.org/Cyclones/report.aspx?eventid=1001109&episodeid=9&eventtype=TC,Cyclones
1001105,27,https://www.gdacs.org/Cyclones/report.aspx?eventid=1001105&episodeid=27&eventtype=TC,Cyclones
1001104,24,https://www.gdacs.org/Cyclones/report.aspx?eventid=1001104&episodeid=24&eventtype=TC,Cyclones
1001108,4,https://www.gdacs.org/Cyclones/report.aspx?eventid=1001108&episodeid=4&eventtype=TC,Cyclones
1001106,15,https://www.gdacs.org/Cyclones/report.aspx?eventid=1001106&episodeid=15&eventtype=TC,Cyclones
1001103,19,https://www.gdacs.org/Cyclones/report.aspx?eventid=1001103&episodeid=19&eventtype=TC,Cyclones
1001101,18,https://www.gdacs.org/Cyclones/report.aspx?eventid=1001101&episodeid=18&eventtype=TC,Cyclones
1001100,20,https://www.gdacs.org/Cyclones/report.aspx?eventid=1001100&episodeid=20&eventtype=TC,Cyclones
1001102,11,https://www.gdacs.org/Cyclones/report.aspx?eventid=1001102&episodeid=11&eventtype=TC,Cyclones
1001099,7,https://www.gdacs.org/Cyclones/report.aspx?eventid=1001099&episodeid=7&eventtype=TC,Cyclones
1001097,20,https://www.gdacs.org/Cyclones/report.aspx?eventid=1001097&episodeid=20&eventtype=TC,Cyclones
1001098,5,https://www.gdacs.org/Cyclones/report.aspx?eventid=1001098&episodeid=5&eventtype=TC,Cyclones
1001094,25,https://www.gdacs.org/Cyclones/report.aspx?eventid=1001094&episodeid=25&eventtype=TC,Cyclones
1001093,25,https://www.gdacs.org/Cyclones/report.aspx?eventid=1001093&episodeid=25&eventtype=TC,Cyclones
1001095,13,https://www.gdacs.org/Cyclones/report.aspx?eventid=1001095&episodeid=13&eventtype=TC,Cyclones
1001092,16,https://www.gdacs.org/Cyclones/report.aspx?eventid=1001092&episodeid=16&eventtype=TC,Cyclones
1001090,24,https://www.gdacs.org/Cyclones/report.aspx?eventid=1001090&episodeid=24&eventtype=TC,Cyclones
1001091,12,https://www.gdacs.org/Cyclones/report.aspx?eventid=1001091&episodeid=12&eventtype=TC,Cyclones
1001087,42,https://www.gdacs.org/Cyclones/report.aspx?eventid=1001087&episodeid=42&eventtype=TC,Cyclones
1001089,11,https://www.gdacs.org/Cyclones/report.aspx?eventid=1001089&episodeid=11&eventtype=TC,Cyclones
1001086,42,https://www.gdacs.org/Cyclones/report.aspx?eventid=1001086&episodeid=42&eventtype=TC,Cyclones
1001084,48,https://www.gdacs.org/Cyclones/report.aspx?eventid=1001084&episodeid=48&eventtype=TC,Cyclones
1001088,15,https://www.gdacs.org/Cyclones/report.aspx?eventid=1001088&episodeid=15&eventtype=TC,Cyclones
1001085,8,https://www.gdacs.org/Cyclones/report.aspx?eventid=1001085&episodeid=8&eventtype=TC,Cyclones
1001080,36,https://www.gdacs.org/Cyclones/report.aspx?eventid=1001080&episodeid=36&eventtype=TC,Cyclones
1001082,24,https://www.gdacs.org/Cyclones/report.aspx?eventid=1001082&episodeid=24&eventtype=TC,Cyclones
1001083,9,https://www.gdacs.org/Cyclones/report.aspx?eventid=1001083&episodeid=9&eventtype=TC,Cyclones
1001081,6,https://www.gdacs.org/Cyclones/report.aspx?eventid=1001081&episodeid=6&eventtype=TC,Cyclones
1001079,24,https://www.gdacs.org/Cyclones/report.aspx?eventid=1001079&episodeid=24&eventtype=TC,Cyclones
1001077,19,https://www.gdacs.org/Cyclones/report.aspx?eventid=1001077&episodeid=19&eventtype=TC,Cyclones
1001075,27,https://www.gdacs.org/Cyclones/report.aspx?eventid=1001075&episodeid=27&eventtype=TC,Cyclones
1001078,10,https://www.gdacs.org/Cyclones/report.aspx?eventid=1001078&episodeid=10&eventtype=TC,Cyclones
1001076,11,https://www.gdacs.org/Cyclones/report.aspx?eventid=1001076&episodeid=11&eventtype=TC,Cyclones
1001074,23,https://www.gdacs.org/Cyclones/report.aspx?eventid=1001074&episodeid=23&eventtype=TC,Cyclones
1001073,10,https://www.gdacs.org/Cyclones/report.aspx?eventid=1001073&episodeid=10&eventtype=TC,Cyclones
1001072,24,https://www.gdacs.org/Cyclones/report.aspx?eventid=1001072&episodeid=24&eventtype=TC,Cyclones
1001071,14,https://www.gdacs.org/Cyclones/report.aspx?eventid=1001071&episodeid=14&eventtype=TC,Cyclones
1001070,3,https://www.gdacs.org/Cyclones/report.aspx?eventid=1001070&episodeid=3&eventtype=TC,Cyclones
1001067,43,https://www.gdacs.org/Cyclones/report.aspx?eventid=1001067&episodeid=43&eventtype=TC,Cyclones
1001069,7,https://www.gdacs.org/Cyclones/report.aspx?eventid=1001069&episodeid=7&eventtype=TC,Cyclones
1001068,4,https://www.gdacs.org/Cyclones/report.aspx?eventid=1001068&episodeid=4&eventtype=TC,Cyclones
1001066,13,https://www.gdacs.org/Cyclones/report.aspx?eventid=1001066&episodeid=13&eventtype=TC,Cyclones
1001065,4,https://www.gdacs.org/Cyclones/report.aspx?eventid=1001065&episodeid=4&eventtype=TC,Cyclones
1001063,26,https://www.gdacs.org/Cyclones/report.aspx?eventid=1001063&episodeid=26&eventtype=TC,Cyclones
1001064,6,https://www.gdacs.org/Cyclones/report.aspx?eventid=1001064&episodeid=6&eventtype=TC,Cyclones
1001061,24,https://www.gdacs.org/Cyclones/report.aspx?eventid=1001061&episodeid=24&eventtype=TC,Cyclones
1001060,15,https://www.gdacs.org/Cyclones/report.aspx?eventid=1001060&episodeid=15&eventtype=TC,Cyclones
1001059,6,https://www.gdacs.org/Cyclones/report.aspx?eventid=1001059&episodeid=6&eventtype=TC,Cyclones
1001058,21,https://www.gdacs.org/Cyclones/report.aspx?eventid=1001058&episodeid=21&eventtype=TC,Cyclones
1001057,11,https://www.gdacs.org/Cyclones/report.aspx?eventid=1001057&episodeid=11&eventtype=TC,Cyclones
1001055,42,https://www.gdacs.org/Cyclones/report.aspx?eventid=1001055&episodeid=42&eventtype=TC,Cyclones
1001056,12,https://www.gdacs.org/Cyclones/report.aspx?eventid=1001056&episodeid=12&eventtype=TC,Cyclones
1001053,20,https://www.gdacs.org/Cyclones/report.aspx?eventid=1001053&episodeid=20&eventtype=TC,Cyclones
1001050,13,https://www.gdacs.org/Cyclones/report.aspx?eventid=1001050&episodeid=13&eventtype=TC,Cyclones
1001052,20,https://www.gdacs.org/Cyclones/report.aspx?eventid=1001052&episodeid=20&eventtype=TC,Cyclones
1001049,17,https://www.gdacs.org/Cyclones/report.aspx?eventid=1001049&episodeid=17&eventtype=TC,Cyclones
1001051,4,https://www.gdacs.org/Cyclones/report.aspx?eventid=1001051&episodeid=4&eventtype=TC,Cyclones
1001048,12,https://www.gdacs.org/Cyclones/report.aspx?eventid=1001048&episodeid=12&eventtype=TC,Cyclones
1001047,7,https://www.gdacs.org/Cyclones/report.aspx?eventid=1001047&episodeid=7&eventtype=TC,Cyclones
1001046,8,https://www.gdacs.org/Cyclones/report.aspx?eventid=1001046&episodeid=8&eventtype=TC,Cyclones
1001045,11,https://www.gdacs.org/Cyclones/report.aspx?eventid=1001045&episodeid=11&eventtype=TC,Cyclones
1001043,14,https://www.gdacs.org/Cyclones/report.aspx?eventid=1001043&episodeid=14&eventtype=TC,Cyclones
1001042,33,https://www.gdacs.org/Cyclones/report.aspx?eventid=1001042&episodeid=33&eventtype=TC,Cyclones
1001044,13,https://www.gdacs.org/Cyclones/report.aspx?eventid=1001044&episodeid=13&eventtype=TC,Cyclones
1001041,27,https://www.gdacs.org/Cyclones/report.aspx?eventid=1001041&episodeid=27&eventtype=TC,Cyclones
1001040,18,https://www.gdacs.org/Cyclones/report.aspx?eventid=1001040&episodeid=18&eventtype=TC,Cyclones
1001039,7,https://www.gdacs.org/Cyclones/report.aspx?eventid=1001039&episodeid=7&eventtype=TC,Cyclones
1001038,35,https://www.gdacs.org/Cyclones/report.aspx?eventid=1001038&episodeid=35&eventtype=TC,Cyclones
1001037,8,https://www.gdacs.org/Cyclones/report.aspx?eventid=1001037&episodeid=8&eventtype=TC,Cyclones
1001036,13,https://www.gdacs.org/Cyclones/report.aspx?eventid=1001036&episodeid=13&eventtype=TC,Cyclones
1001034,4,https://www.gdacs.org/Cyclones/report.aspx?eventid=1001034&episodeid=4&eventtype=TC,Cyclones
1001033,13,https://www.gdacs.org/Cyclones/report.aspx?eventid=1001033&episodeid=13&eventtype=TC,Cyclones
1001032,6,https://www.gdacs.org/Cyclones/report.aspx?eventid=1001032&episodeid=6&eventtype=TC,Cyclones
1001031,34,https://www.gdacs.org/Cyclones/report.aspx?eventid=1001031&episodeid=34&eventtype=TC,Cyclones
1001025,40,https://www.gdacs.org/Cyclones/report.aspx?eventid=1001025&episodeid=40&eventtype=TC,Cyclones
1001027,18,https://www.gdacs.org/Cyclones/report.aspx?eventid=1001027&episodeid=18&eventtype=TC,Cyclones
1001028,15,https://www.gdacs.org/Cyclones/report.aspx?eventid=1001028&episodeid=15&eventtype=TC,Cyclones
1001029,7,https://www.gdacs.org/Cyclones/report.aspx?eventid=1001029&episodeid=7&eventtype=TC,Cyclones
1001030,4,https://www.gdacs.org/Cyclones/report.aspx?eventid=1001030&episodeid=4&eventtype=TC,Cyclones
1001026,16,https://www.gdacs.org/Cyclones/report.aspx?eventid=1001026&episodeid=16&eventtype=TC,Cyclones
1001024,24,https://www.gdacs.org/Cyclones/report.aspx?eventid=1001024&episodeid=24&eventtype=TC,Cyclones
1001023,14,https://www.gdacs.org/Cyclones/report.aspx?eventid=1001023&episodeid=14&eventtype=TC,Cyclones
1001022,21,https://www.gdacs.org/Cyclones/report.aspx?eventid=1001022&episodeid=21&eventtype=TC,Cyclones
1001020,29,https://www.gdacs.org/Cyclones/report.aspx?eventid=1001020&episodeid=29&eventtype=TC,Cyclones
1001019,33,https://www.gdacs.org/Cyclones/report.aspx?eventid=1001019&episodeid=33&eventtype=TC,Cyclones
1001021,10,https://www.gdacs.org/Cyclones/report.aspx?eventid=1001021&episodeid=10&eventtype=TC,Cyclones
1001018,43,https://www.gdacs.org/Cyclones/report.aspx?eventid=1001018&episodeid=43&eventtype=TC,Cyclones
1001014,53,https://www.gdacs.org/Cyclones/report.aspx?eventid=1001014&episodeid=53&eventtype=TC,Cyclones
1001017,15,https://www.gdacs.org/Cyclones/report.aspx?eventid=1001017&episodeid=15&eventtype=TC,Cyclones
1001016,3,https://www.gdacs.org/Cyclones/report.aspx?eventid=1001016&episodeid=3&eventtype=TC,Cyclones
1001015,6,https://www.gdacs.org/Cyclones/report.aspx?eventid=1001015&episodeid=6&eventtype=TC,Cyclones
1001013,12,https://www.gdacs.org/Cyclones/report.aspx?eventid=1001013&episodeid=12&eventtype=TC,Cyclones
1001012,13,https://www.gdacs.org/Cyclones/report.aspx?eventid=1001012&episodeid=13&eventtype=TC,Cyclones
1000099,1,https://www.gdacs.org/Volcanoes/report.aspx?eventid=1000099&episodeid=1&eventtype=VO,Volcanoes
1000098,1,https://www.gdacs.org/Volcanoes/report.aspx?eventid=1000098&episodeid=1&eventtype=VO,Volcanoes
1000097,1,https://www.gdacs.org/Volcanoes/report.aspx?eventid=1000097&episodeid=1&eventtype=VO,Volcanoes
1000096,1,https://www.gdacs.org/Volcanoes/report.aspx?eventid=1000096&episodeid=1&eventtype=VO,Volcanoes
1000095,2,https://www.gdacs.org/Volcanoes/report.aspx?eventid=1000095&episodeid=2&eventtype=VO,Volcanoes
1000094,2,https://www.gdacs.org/Volcanoes/report.aspx?eventid=1000094&episodeid=2&eventtype=VO,Volcanoes
1000093,1,https://www.gdacs.org/Volcanoes/report.aspx?eventid=1000093&episodeid=1&eventtype=VO,Volcanoes
1000092,2,https://www.gdacs.org/Volcanoes/report.aspx?eventid=1000092&episodeid=2&eventtype=VO,Volcanoes
1000090,2,https://www.gdacs.org/Volcanoes/report.aspx?eventid=1000090&episodeid=2&eventtype=VO,Volcanoes
1000089,3,https://www.gdacs.org/Volcanoes/report.aspx?eventid=1000089&episodeid=3&eventtype=VO,Volcanoes
1000091,1,https://www.gdacs.org/Volcanoes/report.aspx?eventid=1000091&episodeid=1&eventtype=VO,Volcanoes
1000088,3,https://www.gdacs.org/Volcanoes/report.aspx?eventid=1000088&episodeid=3&eventtype=VO,Volcanoes
1000080,10,https://www.gdacs.org/Volcanoes/report.aspx?eventid=1000080&episodeid=10&eventtype=VO,Volcanoes
1000084,3,https://www.gdacs.org/Volcanoes/report.aspx?eventid=1000084&episodeid=3&eventtype=VO,Volcanoes
1000087,1,https://www.gdacs.org/Volcanoes/report.aspx?eventid=1000087&episodeid=1&eventtype=VO,Volcanoes
1000086,1,https://www.gdacs.org/Volcanoes/report.aspx?eventid=1000086&episodeid=1&eventtype=VO,Volcanoes
1000085,2,https://www.gdacs.org/Volcanoes/report.aspx?eventid=1000085&episodeid=2&eventtype=VO,Volcanoes
1000083,1,https://www.gdacs.org/Volcanoes/report.aspx?eventid=1000083&episodeid=1&eventtype=VO,Volcanoes
1000082,1,https://www.gdacs.org/Volcanoes/report.aspx?eventid=1000082&episodeid=1&eventtype=VO,Volcanoes
1000081,1,https://www.gdacs.org/Volcanoes/report.aspx?eventid=1000081&episodeid=1&eventtype=VO,Volcanoes
1000078,1,https://www.gdacs.org/Volcanoes/report.aspx?eventid=1000078&episodeid=1&eventtype=VO,Volcanoes
1000077,1,https://www.gdacs.org/Volcanoes/report.aspx?eventid=1000077&episodeid=1&eventtype=VO,Volcanoes
1000076,1,https://www.gdacs.org/Volcanoes/report.aspx?eventid=1000076&episodeid=1&eventtype=VO,Volcanoes
1000072,7,https://www.gdacs.org/Volcanoes/report.aspx?eventid=1000072&episodeid=7&eventtype=VO,Volcanoes
1000075,1,https://www.gdacs.org/Volcanoes/report.aspx?eventid=1000075&episodeid=1&eventtype=VO,Volcanoes
1000074,1,https://www.gdacs.org/Volcanoes/report.aspx?eventid=1000074&episodeid=1&eventtype=VO,Volcanoes
1000073,1,https://www.gdacs.org/Volcanoes/report.aspx?eventid=1000073&episodeid=1&eventtype=VO,Volcanoes
1000070,2,https://www.gdacs.org/Volcanoes/report.aspx?eventid=1000070&episodeid=2&eventtype=VO,Volcanoes
1000071,1,https://www.gdacs.org/Volcanoes/report.aspx?eventid=1000071&episodeid=1&eventtype=VO,Volcanoes
1000069,1,https://www.gdacs.org/Volcanoes/report.aspx?eventid=1000069&episodeid=1&eventtype=VO,Volcanoes
1000068,1,https://www.gdacs.org/Volcanoes/report.aspx?eventid=1000068&episodeid=1&eventtype=VO,Volcanoes
1000067,1,https://www.gdacs.org/Volcanoes/report.aspx?eventid=1000067&episodeid=1&eventtype=VO,Volcanoes
1000066,1,https://www.gdacs.org/Volcanoes/report.aspx?eventid=1000066&episodeid=1&eventtype=VO,Volcanoes
1000065,1,https://www.gdacs.org/Volcanoes/report.aspx?eventid=1000065&episodeid=1&eventtype=VO,Volcanoes
1000064,1,https://www.gdacs.org/Volcanoes/report.aspx?eventid=1000064&episodeid=1&eventtype=VO,Volcanoes
1000063,1,https://www.gdacs.org/Volcanoes/report.aspx?eventid=1000063&episodeid=1&eventtype=VO,Volcanoes
1000062,1,https://www.gdacs.org/Volcanoes/report.aspx?eventid=1000062&episodeid=1&eventtype=VO,Volcanoes
1000061,1,https://www.gdacs.org/Volcanoes/report.aspx?eventid=1000061&episodeid=1&eventtype=VO,Volcanoes
1000060,1,https://www.gdacs.org/Volcanoes/report.aspx?eventid=1000060&episodeid=1&eventtype=VO,Volcanoes
1000059,1,https://www.gdacs.org/Volcanoes/report.aspx?eventid=1000059&episodeid=1&eventtype=VO,Volcanoes
1000058,1,https://www.gdacs.org/Volcanoes/report.aspx?eventid=1000058&episodeid=1&eventtype=VO,Volcanoes
1000057,3,https://www.gdacs.org/Volcanoes/report.aspx?eventid=1000057&episodeid=3&eventtype=VO,Volcanoes
1000053,2,https://www.gdacs.org/Volcanoes/report.aspx?eventid=1000053&episodeid=2&eventtype=VO,Volcanoes
1000055,2,https://www.gdacs.org/Volcanoes/report.aspx?eventid=1000055&episodeid=2&eventtype=VO,Volcanoes
1000056,1,https://www.gdacs.org/Volcanoes/report.aspx?eventid=1000056&episodeid=1&eventtype=VO,Volcanoes
1000054,1,https://www.gdacs.org/Volcanoes/report.aspx?eventid=1000054&episodeid=1&eventtype=VO,Volcanoes
1000052,1,https://www.gdacs.org/Volcanoes/report.aspx?eventid=1000052&episodeid=1&eventtype=VO,Volcanoes
1000051,1,https://www.gdacs.org/Volcanoes/report.aspx?eventid=1000051&episodeid=1&eventtype=VO,Volcanoes
1000050,1,https://www.gdacs.org/Volcanoes/report.aspx?eventid=1000050&episodeid=1&eventtype=VO,Volcanoes
1000049,1,https://www.gdacs.org/Volcanoes/report.aspx?eventid=1000049&episodeid=1&eventtype=VO,Volcanoes
1000048,3,https://www.gdacs.org/Volcanoes/report.aspx?eventid=1000048&episodeid=3&eventtype=VO,Volcanoes
1000046,1,https://www.gdacs.org/Volcanoes/report.aspx?eventid=1000046&episodeid=1&eventtype=VO,Volcanoes
1000047,1,https://www.gdacs.org/Volcanoes/report.aspx?eventid=1000047&episodeid=1&eventtype=VO,Volcanoes
1000045,1,https://www.gdacs.org/Volcanoes/report.aspx?eventid=1000045&episodeid=1&eventtype=VO,Volcanoes
1000044,1,https://www.gdacs.org/Volcanoes/report.aspx?eventid=1000044&episodeid=1&eventtype=VO,Volcanoes
1000043,1,https://www.gdacs.org/Volcanoes/report.aspx?eventid=1000043&episodeid=1&eventtype=VO,Volcanoes
1000042,1,https://www.gdacs.org/Volcanoes/report.aspx?eventid=1000042&episodeid=1&eventtype=VO,Volcanoes
1000041,2,https://www.gdacs.org/Volcanoes/report.aspx?eventid=1000041&episodeid=2&eventtype=VO,Volcanoes
1000040,1,https://www.gdacs.org/Volcanoes/report.aspx?eventid=1000040&episodeid=1&eventtype=VO,Volcanoes
1000038,1,https://www.gdacs.org/Volcanoes/report.aspx?eventid=1000038&episodeid=1&eventtype=VO,Volcanoes
1000039,1,https://www.gdacs.org/Volcanoes/report.aspx?eventid=1000039&episodeid=1&eventtype=VO,Volcanoes
1000000,49,https://www.gdacs.org/Volcanoes/report.aspx?eventid=1000000&episodeid=49&eventtype=VO,Volcanoes
1000037,1,https://www.gdacs.org/Volcanoes/report.aspx?eventid=1000037&episodeid=1&eventtype=VO,Volcanoes
1000036,5,https://www.gdacs.org/Volcanoes/report.aspx?eventid=1000036&episodeid=5&eventtype=VO,Volcanoes
1000035,5,https://www.gdacs.org/Volcanoes/report.aspx?eventid=1000035&episodeid=5&eventtype=VO,Volcanoes
1000033,4,https://www.gdacs.org/Volcanoes/report.aspx?eventid=1000033&episodeid=4&eventtype=VO,Volcanoes
1000031,41,https://www.gdacs.org/Volcanoes/report.aspx?eventid=1000031&episodeid=41&eventtype=VO,Volcanoes
1000034,1,https://www.gdacs.org/Volcanoes/report.aspx?eventid=1000034&episodeid=1&eventtype=VO,Volcanoes
1000032,1,https://www.gdacs.org/Volcanoes/report.aspx?eventid=1000032&episodeid=1&eventtype=VO,Volcanoes
1000030,1,https://www.gdacs.org/Volcanoes/report.aspx?eventid=1000030&episodeid=1&eventtype=VO,Volcanoes
1000029,1,https://www.gdacs.org/Volcanoes/report.aspx?eventid=1000029&episodeid=1&eventtype=VO,Volcanoes
1000012,5,https://www.gdacs.org/Volcanoes/report.aspx?eventid=1000012&episodeid=5&eventtype=VO,Volcanoes
1000028,1,https://www.gdacs.org/Volcanoes/report.aspx?eventid=1000028&episodeid=1&eventtype=VO,Volcanoes
1000027,1,https://www.gdacs.org/Volcanoes/report.aspx?eventid=1000027&episodeid=1&eventtype=VO,Volcanoes
1000026,1,https://www.gdacs.org/Volcanoes/report.aspx?eventid=1000026&episodeid=1&eventtype=VO,Volcanoes
1000023,7,https://www.gdacs.org/Volcanoes/report.aspx?eventid=1000023&episodeid=7&eventtype=VO,Volcanoes
1000025,1,https://www.gdacs.org/Volcanoes/report.aspx?eventid=1000025&episodeid=1&eventtype=VO,Volcanoes
1000024,1,https://www.gdacs.org/Volcanoes/report.aspx?eventid=1000024&episodeid=1&eventtype=VO,Volcanoes
1000021,1,https://www.gdacs.org/Volcanoes/report.aspx?eventid=1000021&episodeid=1&eventtype=VO,Volcanoes
1000020,5,https://www.gdacs.org/Volcanoes/report.aspx?eventid=1000020&episodeid=5&eventtype=VO,Volcanoes
1000014,5,https://www.gdacs.org/Volcanoes/report.aspx?eventid=1000014&episodeid=5&eventtype=VO,Volcanoes
1000018,1,https://www.gdacs.org/Volcanoes/report.aspx?eventid=1000018&episodeid=1&eventtype=VO,Volcanoes
1000017,1,https://www.gdacs.org/Volcanoes/report.aspx?eventid=1000017&episodeid=1&eventtype=VO,Volcanoes
1000016,1,https://www.gdacs.org/Volcanoes/report.aspx?eventid=1000016&episodeid=1&eventtype=VO,Volcanoes
1000015,1,https://www.gdacs.org/Volcanoes/report.aspx?eventid=1000015&episodeid=1&eventtype=VO,Volcanoes
1000013,3,https://www.gdacs.org/Volcanoes/report.aspx?eventid=1000013&episodeid=3&eventtype=VO,Volcanoes
1000011,1,https://www.gdacs.org/Volcanoes/report.aspx?eventid=1000011&episodeid=1&eventtype=VO,Volcanoes
1000010,1,https://www.gdacs.org/Volcanoes/report.aspx?eventid=1000010&episodeid=1&eventtype=VO,Volcanoes
1000004,6,https://www.gdacs.org/Volcanoes/report.aspx?eventid=1000004&episodeid=6&eventtype=VO,Volcanoes
1000009,1,https://www.gdacs.org/Volcanoes/report.aspx?eventid=1000009&episodeid=1&eventtype=VO,Volcanoes
1000008,1,https://www.gdacs.org/Volcanoes/report.aspx?eventid=1000008&episodeid=1&eventtype=VO,Volcanoes
1000006,4,https://www.gdacs.org/Volcanoes/report.aspx?eventid=1000006&episodeid=4&eventtype=VO,Volcanoes
1000007,1,https://www.gdacs.org/Volcanoes/report.aspx?eventid=1000007&episodeid=1&eventtype=VO,Volcanoes
1000005,1,https://www.gdacs.org/Volcanoes/report.aspx?eventid=1000005&episodeid=1&eventtype=VO,Volcanoes
1000003,1,https://www.gdacs.org/Volcanoes/report.aspx?eventid=1000003&episodeid=1&eventtype=VO,Volcanoes
1000002,1,https://www.gdacs.org/Volcanoes/report.aspx?eventid=1000002&episodeid=1&eventtype=VO,Volcanoes
352090,7,https://www.gdacs.org/Volcanoes/report.aspx?eventid=352090&episodeid=7&eventtype=VO,Volcanoes
211060,11,https://www.gdacs.org/Volcanoes/report.aspx?eventid=211060&episodeid=11&eventtype=VO,Volcanoes
261080,3,https://www.gdacs.org/Volcanoes/report.aspx?eventid=261080&episodeid=3&eventtype=VO,Volcanoes
252010,1,https://www.gdacs.org/Volcanoes/report.aspx?eventid=252010&episodeid=1&eventtype=VO,Volcanoes
1017334,2,https://www.gdacs.org/Droughts/report.aspx?eventid=1017334&episodeid=2&eventtype=DR,Droughts
1017265,2,https://www.gdacs.org/Droughts/report.aspx?eventid=1017265&episodeid=2&eventtype=DR,Droughts
1017286,3,https://www.gdacs.org/Droughts/report.aspx?eventid=1017286&episodeid=3&eventtype=DR,Droughts
1017227,6,https://www.gdacs.org/Droughts/report.aspx?eventid=1017227&episodeid=6&eventtype=DR,Droughts
1017013,11,https://www.gdacs.org/Droughts/report.aspx?eventid=1017013&episodeid=11&eventtype=DR,Droughts
1017051,13,https://www.gdacs.org/Droughts/report.aspx?eventid=1017051&episodeid=13&eventtype=DR,Droughts
1016960,14,https://www.gdacs.org/Droughts/report.aspx?eventid=1016960&episodeid=14&eventtype=DR,Droughts
1016995,16,https://www.gdacs.org/Droughts/report.aspx?eventid=1016995&episodeid=16&eventtype=DR,Droughts
1016963,17,https://www.gdacs.org/Droughts/report.aspx?eventid=1016963&episodeid=17&eventtype=DR,Droughts
1016959,18,https://www.gdacs.org/Droughts/report.aspx?eventid=1016959&episodeid=18&eventtype=DR,Droughts
1016878,25,https://www.gdacs.org/Droughts/report.aspx?eventid=1016878&episodeid=25&eventtype=DR,Droughts
1016833,28,https://www.gdacs.org/Droughts/report.aspx?eventid=1016833&episodeid=28&eventtype=DR,Droughts
1016682,30,https://www.gdacs.org/Droughts/report.aspx?eventid=1016682&episodeid=30&eventtype=DR,Droughts
1016686,34,https://www.gdacs.org/Droughts/report.aspx?eventid=1016686&episodeid=34&eventtype=DR,Droughts
1016679,36,https://www.gdacs.org/Droughts/report.aspx?eventid=1016679&episodeid=36&eventtype=DR,Droughts
1016449,40,https://www.gdacs.org/Droughts/report.aspx?eventid=1016449&episodeid=40&eventtype=DR,Droughts
1016401,45,https://www.gdacs.org/Droughts/report.aspx?eventid=1016401&episodeid=45&eventtype=DR,Droughts
1017217,5,https://www.gdacs.org/Droughts/report.aspx?eventid=1017217&episodeid=5&eventtype=DR,Droughts
1017111,9,https://www.gdacs.org/Droughts/report.aspx?eventid=1017111&episodeid=9&eventtype=DR,Droughts
1017005,12,https://www.gdacs.org/Droughts/report.aspx?eventid=1017005&episodeid=12&eventtype=DR,Droughts
1017243,2,https://www.gdacs.org/Droughts/report.aspx?eventid=1017243&episodeid=2&eventtype=DR,Droughts
1017114,5,https://www.gdacs.org/Droughts/report.aspx?eventid=1017114&episodeid=5&eventtype=DR,Droughts
1016588,28,https://www.gdacs.org/Droughts/report.aspx?eventid=1016588&episodeid=28&eventtype=DR,Droughts
1016906,18,https://www.gdacs.org/Droughts/report.aspx?eventid=1016906&episodeid=18&eventtype=DR,Droughts
1013868,152,https://www.gdacs.org/Droughts/report.aspx?eventid=1013868&episodeid=152&eventtype=DR,Droughts
1016891,13,https://www.gdacs.org/Droughts/report.aspx?eventid=1016891&episodeid=13&eventtype=DR,Droughts
1016777,17,https://www.gdacs.org/Droughts/report.aspx?eventid=1016777&episodeid=17&eventtype=DR,Droughts
1016955,9,https://www.gdacs.org/Droughts/report.aspx?eventid=1016955&episodeid=9&eventtype=DR,Droughts
1016315,12,https://www.gdacs.org/Droughts/report.aspx?eventid=1016315&episodeid=12&eventtype=DR,Droughts
1015257,88,https://www.gdacs.org/Droughts/report.aspx?eventid=1015257&episodeid=88&eventtype=DR,Droughts
1016715,19,https://www.gdacs.org/Droughts/report.aspx?eventid=1016715&episodeid=19&eventtype=DR,Droughts
1016053,34,https://www.gdacs.org/Droughts/report.aspx?eventid=1016053&episodeid=34&eventtype=DR,Droughts
1015088,81,https://www.gdacs.org/Droughts/report.aspx?eventid=1015088&episodeid=81&eventtype=DR,Droughts
1016298,29,https://www.gdacs.org/Droughts/report.aspx?eventid=1016298&episodeid=29&eventtype=DR,Droughts
1016764,7,https://www.gdacs.org/Droughts/report.aspx?eventid=1016764&episodeid=7&eventtype=DR,Droughts
1016696,6,https://www.gdacs.org/Droughts/report.aspx?eventid=1016696&episodeid=6&eventtype=DR,Droughts
1016386,8,https://www.gdacs.org/Droughts/report.aspx?eventid=1016386&episodeid=8&eventtype=DR,Droughts
1016677,9,https://www.gdacs.org/Droughts/report.aspx?eventid=1016677&episodeid=9&eventtype=DR,Droughts
1016209,26,https://www.gdacs.org/Droughts/report.aspx?eventid=1016209&episodeid=26&eventtype=DR,Droughts
1016287,15,https://www.gdacs.org/Droughts/report.aspx?eventid=1016287&episodeid=15&eventtype=DR,Droughts
1016348,18,https://www.gdacs.org/Droughts/report.aspx?eventid=1016348&episodeid=18&eventtype=DR,Droughts
1016527,2,https://www.gdacs.org/Droughts/report.aspx?eventid=1016527&episodeid=2&eventtype=DR,Droughts
1016544,8,https://www.gdacs.org/Droughts/report.aspx?eventid=1016544&episodeid=8&eventtype=DR,Droughts
1016612,5,https://www.gdacs.org/Droughts/report.aspx?eventid=1016612&episodeid=5&eventtype=DR,Droughts
1016597,5,https://www.gdacs.org/Droughts/report.aspx?eventid=1016597&episodeid=5&eventtype=DR,Droughts
1016410,9,https://www.gdacs.org/Droughts/report.aspx?eventid=1016410&episodeid=9&eventtype=DR,Droughts
1015981,33,https://www.gdacs.org/Droughts/report.aspx?eventid=1015981&episodeid=33&eventtype=DR,Droughts
1015708,43,https://www.gdacs.org/Droughts/report.aspx?eventid=1015708&episodeid=43&eventtype=DR,Droughts
1014495,98,https://www.gdacs.org/Droughts/report.aspx?eventid=1014495&episodeid=98&eventtype=DR,Droughts
1016573,1,https://www.gdacs.org/Droughts/report.aspx?eventid=1016573&episodeid=1&eventtype=DR,Droughts
1016100,21,https://www.gdacs.org/Droughts/report.aspx?eventid=1016100&episodeid=21&eventtype=DR,Droughts
1015709,40,https://www.gdacs.org/Droughts/report.aspx?eventid=1015709&episodeid=40&eventtype=DR,Droughts
1016107,17,https://www.gdacs.org/Droughts/report.aspx?eventid=1016107&episodeid=17&eventtype=DR,Droughts
1015469,49,https://www.gdacs.org/Droughts/report.aspx?eventid=1015469&episodeid=49&eventtype=DR,Droughts
1015559,20,https://www.gdacs.org/Droughts/report.aspx?eventid=1015559&episodeid=20&eventtype=DR,Droughts
1015767,25,https://www.gdacs.org/Droughts/report.aspx?eventid=1015767&episodeid=25&eventtype=DR,Droughts
1016504,1,https://www.gdacs.org/Droughts/report.aspx?eventid=1016504&episodeid=1&eventtype=DR,Droughts
1015792,29,https://www.gdacs.org/Droughts/report.aspx?eventid=1015792&episodeid=29&eventtype=DR,Droughts
1014742,75,https://www.gdacs.org/Droughts/report.aspx?eventid=1014742&episodeid=75&eventtype=DR,Droughts
1015426,42,https://www.gdacs.org/Droughts/report.aspx?eventid=1015426&episodeid=42&eventtype=DR,Droughts
1014465,24,https://www.gdacs.org/Droughts/report.aspx?eventid=1014465&episodeid=24&eventtype=DR,Droughts
1016231,4,https://www.gdacs.org/Droughts/report.aspx?eventid=1016231&episodeid=4&eventtype=DR,Droughts
1015974,12,https://www.gdacs.org/Droughts/report.aspx?eventid=1015974&episodeid=12&eventtype=DR,Droughts
1015771,22,https://www.gdacs.org/Droughts/report.aspx?eventid=1015771&episodeid=22&eventtype=DR,Droughts
1015826,23,https://www.gdacs.org/Droughts/report.aspx?eventid=1015826&episodeid=23&eventtype=DR,Droughts
1016076,4,https://www.gdacs.org/Droughts/report.aspx?eventid=1016076&episodeid=4&eventtype=DR,Droughts
1015623,22,https://www.gdacs.org/Droughts/report.aspx?eventid=1015623&episodeid=22&eventtype=DR,Droughts
1015849,11,https://www.gdacs.org/Droughts/report.aspx?eventid=1015849&episodeid=11&eventtype=DR,Droughts
1015553,10,https://www.gdacs.org/Droughts/report.aspx?eventid=1015553&episodeid=10&eventtype=DR,Droughts
1015356,22,https://www.gdacs.org/Droughts/report.aspx?eventid=1015356&episodeid=22&eventtype=DR,Droughts
1014473,54,https://www.gdacs.org/Droughts/report.aspx?eventid=1014473&episodeid=54&eventtype=DR,Droughts
1014695,36,https://www.gdacs.org/Droughts/report.aspx?eventid=1014695&episodeid=36&eventtype=DR,Droughts
1015605,8,https://www.gdacs.org/Droughts/report.aspx?eventid=1015605&episodeid=8&eventtype=DR,Droughts
1015589,4,https://www.gdacs.org/Droughts/report.aspx?eventid=1015589&episodeid=4&eventtype=DR,Droughts
1015511,3,https://www.gdacs.org/Droughts/report.aspx?eventid=1015511&episodeid=3&eventtype=DR,Droughts
1015281,20,https://www.gdacs.org/Droughts/report.aspx?eventid=1015281&episodeid=20&eventtype=DR,Droughts
1015512,3,https://www.gdacs.org/Droughts/report.aspx?eventid=1015512&episodeid=3&eventtype=DR,Droughts
1015249,12,https://www.gdacs.org/Droughts/report.aspx?eventid=1015249&episodeid=12&eventtype=DR,Droughts
1014958,27,https://www.gdacs.org/Droughts/report.aspx?eventid=1014958&episodeid=27&eventtype=DR,Droughts
1015291,5,https://www.gdacs.org/Droughts/report.aspx?eventid=1015291&episodeid=5&eventtype=DR,Droughts
1015187,9,https://www.gdacs.org/Droughts/report.aspx?eventid=1015187&episodeid=9&eventtype=DR,Droughts
1015039,14,https://www.gdacs.org/Droughts/report.aspx?eventid=1015039&episodeid=14&eventtype=DR,Droughts
1014320,28,https://www.gdacs.org/Droughts/report.aspx?eventid=1014320&episodeid=28&eventtype=DR,Droughts
1014718,20,https://www.gdacs.org/Droughts/report.aspx?eventid=1014718&episodeid=20&eventtype=DR,Droughts
1014614,13,https://www.gdacs.org/Droughts/report.aspx?eventid=1014614&episodeid=13&eventtype=DR,Droughts
1014509,17,https://www.gdacs.org/Droughts/report.aspx?eventid=1014509&episodeid=17&eventtype=DR,Droughts
1014821,18,https://www.gdacs.org/Droughts/report.aspx?eventid=1014821&episodeid=18&eventtype=DR,Droughts
1014416,29,https://www.gdacs.org/Droughts/report.aspx?eventid=1014416&episodeid=29&eventtype=DR,Droughts
1015040,4,https://www.gdacs.org/Droughts/report.aspx?eventid=1015040&episodeid=4&eventtype=DR,Droughts
1014392,36,https://www.gdacs.org/Droughts/report.aspx?eventid=1014392&episodeid=36&eventtype=DR,Droughts
1014268,8,https://www.gdacs.org/Droughts/report.aspx?eventid=1014268&episodeid=8&eventtype=DR,Droughts
1015084,2,https://www.gdacs.org/Droughts/report.aspx?eventid=1015084&episodeid=2&eventtype=DR,Droughts
1014726,1,https://www.gdacs.org/Droughts/report.aspx?eventid=1014726&episodeid=1&eventtype=DR,Droughts
1014756,6,https://www.gdacs.org/Droughts/report.aspx?eventid=1014756&episodeid=6&eventtype=DR,Droughts
1014875,3,https://www.gdacs.org/Droughts/report.aspx?eventid=1014875&episodeid=3&eventtype=DR,Droughts
1014881,3,https://www.gdacs.org/Droughts/report.aspx?eventid=1014881&episodeid=3&eventtype=DR,Droughts
1014149,10,https://www.gdacs.org/Droughts/report.aspx?eventid=1014149&episodeid=10&eventtype=DR,Droughts
1014313,12,https://www.gdacs.org/Droughts/report.aspx?eventid=1014313&episodeid=12&eventtype=DR,Droughts
1013981,26,https://www.gdacs.org/Droughts/report.aspx?eventid=1013981&episodeid=26&eventtype=DR,Droughts
1014676,1,https://www.gdacs.org/Droughts/report.aspx?eventid=1014676&episodeid=1&eventtype=DR,Droughts
1022743,1,https://www.gdacs.org/Wildfires/report.aspx?eventid=1022743&episodeid=1&eventtype=WF,Wildfires
1022742,1,https://www.gdacs.org/Wildfires/report.aspx?eventid=1022742&episodeid=1&eventtype=WF,Wildfires
1022741,1,https://www.gdacs.org/Wildfires/report.aspx?eventid=1022741&episodeid=1&eventtype=WF,Wildfires
1022740,1,https://www.gdacs.org/Wildfires/report.aspx?eventid=1022740&episodeid=1&eventtype=WF,Wildfires
1022739,1,https://www.gdacs.org/Wildfires/report.aspx?eventid=1022739&episodeid=1&eventtype=WF,Wildfires
1022738,1,https://www.gdacs.org/Wildfires/report.aspx?eventid=1022738&episodeid=1&eventtype=WF,Wildfires
1022737,3,https://www.gdacs.org/Wildfires/report.aspx?eventid=1022737&episodeid=3&eventtype=WF,Wildfires
1022736,3,https://www.gdacs.org/Wildfires/report.aspx?eventid=1022736&episodeid=3&eventtype=WF,Wildfires
1022735,2,https://www.gdacs.org/Wildfires/report.aspx?eventid=1022735&episodeid=2&eventtype=WF,Wildfires
1022734,3,https://www.gdacs.org/Wildfires/report.aspx?eventid=1022734&episodeid=3&eventtype=WF,Wildfires
1022733,2,https://www.gdacs.org/Wildfires/report.aspx?eventid=1022733&episodeid=2&eventtype=WF,Wildfires
1022728,2,https://www.gdacs.org/Wildfires/report.aspx?eventid=1022728&episodeid=2&eventtype=WF,Wildfires
1022726,7,https://www.gdacs.org/Wildfires/report.aspx?eventid=1022726&episodeid=7&eventtype=WF,Wildfires
1022725,4,https://www.gdacs.org/Wildfires/report.aspx?eventid=1022725&episodeid=4&eventtype=WF,Wildfires
1022716,6,https://www.gdacs.org/Wildfires/report.aspx?eventid=1022716&episodeid=6&eventtype=WF,Wildfires
1022713,8,https://www.gdacs.org/Wildfires/report.aspx?eventid=1022713&episodeid=8&eventtype=WF,Wildfires
1022711,8,https://www.gdacs.org/Wildfires/report.aspx?eventid=1022711&episodeid=8&eventtype=WF,Wildfires
1022709,8,https://www.gdacs.org/Wildfires/report.aspx?eventid=1022709&episodeid=8&eventtype=WF,Wildfires
1022705,9,https://www.gdacs.org/Wildfires/report.aspx?eventid=1022705&episodeid=9&eventtype=WF,Wildfires
1022704,8,https://www.gdacs.org/Wildfires/report.aspx?eventid=1022704&episodeid=8&eventtype=WF,Wildfires
1022700,7,https://www.gdacs.org/Wildfires/report.aspx?eventid=1022700&episodeid=7&eventtype=WF,Wildfires
1022693,12,https://www.gdacs.org/Wildfires/report.aspx?eventid=1022693&episodeid=12&eventtype=WF,Wildfires
1022732,1,https://www.gdacs.org/Wildfires/report.aspx?eventid=1022732&episodeid=1&eventtype=WF,Wildfires
1022731,1,https://www.gdacs.org/Wildfires/report.aspx?eventid=1022731&episodeid=1&eventtype=WF,Wildfires
1022730,2,https://www.gdacs.org/Wildfires/report.aspx?eventid=1022730&episodeid=2&eventtype=WF,Wildfires
1022729,3,https://www.gdacs.org/Wildfires/report.aspx?eventid=1022729&episodeid=3&eventtype=WF,Wildfires
1022727,1,https://www.gdacs.org/Wildfires/report.aspx?eventid=1022727&episodeid=1&eventtype=WF,Wildfires
1022724,6,https://www.gdacs.org/Wildfires/report.aspx?eventid=1022724&episodeid=6&eventtype=WF,Wildfires
1022723,5,https://www.gdacs.org/Wildfires/report.aspx?eventid=1022723&episodeid=5&eventtype=WF,Wildfires
1022722,7,https://www.gdacs.org/Wildfires/report.aspx?eventid=1022722&episodeid=7&eventtype=WF,Wildfires
1022721,5,https://www.gdacs.org/Wildfires/report.aspx?eventid=1022721&episodeid=5&eventtype=WF,Wildfires
1022720,7,https://www.gdacs.org/Wildfires/report.aspx?eventid=1022720&episodeid=7&eventtype=WF,Wildfires
1022719,2,https://www.gdacs.org/Wildfires/report.aspx?eventid=1022719&episodeid=2&eventtype=WF,Wildfires
1022714,4,https://www.gdacs.org/Wildfires/report.aspx?eventid=1022714&episodeid=4&eventtype=WF,Wildfires
1022707,2,https://www.gdacs.org/Wildfires/report.aspx?eventid=1022707&episodeid=2&eventtype=WF,Wildfires
1022703,7,https://www.gdacs.org/Wildfires/report.aspx?eventid=1022703&episodeid=7&eventtype=WF,Wildfires
1022695,8,https://www.gdacs.org/Wildfires/report.aspx?eventid=1022695&episodeid=8&eventtype=WF,Wildfires
1022683,10,https://www.gdacs.org/Wildfires/report.aspx?eventid=1022683&episodeid=10&eventtype=WF,Wildfires
1022680,12,https://www.gdacs.org/Wildfires/report.aspx?eventid=1022680&episodeid=12&eventtype=WF,Wildfires
1022718,2,https://www.gdacs.org/Wildfires/report.aspx?eventid=1022718&episodeid=2&eventtype=WF,Wildfires
1022717,2,https://www.gdacs.org/Wildfires/report.aspx?eventid=1022717&episodeid=2&eventtype=WF,Wildfires
1022715,3,https://www.gdacs.org/Wildfires/report.aspx?eventid=1022715&episodeid=3&eventtype=WF,Wildfires
1022712,1,https://www.gdacs.org/Wildfires/report.aspx?eventid=1022712&episodeid=1&eventtype=WF,Wildfires
1022710,2,https://www.gdacs.org/Wildfires/report.aspx?eventid=1022710&episodeid=2&eventtype=WF,Wildfires
1022708,2,https://www.gdacs.org/Wildfires/report.aspx?eventid=1022708&episodeid=2&eventtype=WF,Wildfires
1022699,4,https://www.gdacs.org/Wildfires/report.aspx?eventid=1022699&episodeid=4&eventtype=WF,Wildfires
1022697,5,https://www.gdacs.org/Wildfires/report.aspx?eventid=1022697&episodeid=5&eventtype=WF,Wildfires
1022696,3,https://www.gdacs.org/Wildfires/report.aspx?eventid=1022696&episodeid=3&eventtype=WF,Wildfires
1022688,7,https://www.gdacs.org/Wildfires/report.aspx?eventid=1022688&episodeid=7&eventtype=WF,Wildfires
1022687,8,https://www.gdacs.org/Wildfires/report.aspx?eventid=1022687&episodeid=8&eventtype=WF,Wildfires
1022684,9,https://www.gdacs.org/Wildfires/report.aspx?eventid=1022684&episodeid=9&eventtype=WF,Wildfires
1022681,4,https://www.gdacs.org/Wildfires/report.aspx?eventid=1022681&episodeid=4&eventtype=WF,Wildfires
1022675,13,https://www.gdacs.org/Wildfires/report.aspx?eventid=1022675&episodeid=13&eventtype=WF,Wildfires
1022674,8,https://www.gdacs.org/Wildfires/report.aspx?eventid=1022674&episodeid=8&eventtype=WF,Wildfires
1022671,9,https://www.gdacs.org/Wildfires/report.aspx?eventid=1022671&episodeid=9&eventtype=WF,Wildfires
1022669,8,https://www.gdacs.org/Wildfires/report.aspx?eventid=1022669&episodeid=8&eventtype=WF,Wildfires
1022661,12,https://www.gdacs.org/Wildfires/report.aspx?eventid=1022661&episodeid=12&eventtype=WF,Wildfires
1022658,14,https://www.gdacs.org/Wildfires/report.aspx?eventid=1022658&episodeid=14&eventtype=WF,Wildfires
1022652,17,https://www.gdacs.org/Wildfires/report.aspx?eventid=1022652&episodeid=17&eventtype=WF,Wildfires
1022626,16,https://www.gdacs.org/Wildfires/report.aspx?eventid=1022626&episodeid=16&eventtype=WF,Wildfires
1022619,15,https://www.gdacs.org/Wildfires/report.aspx?eventid=1022619&episodeid=15&eventtype=WF,Wildfires
1022706,1,https://www.gdacs.org/Wildfires/report.aspx?eventid=1022706&episodeid=1&eventtype=WF,Wildfires
1022702,1,https://www.gdacs.org/Wildfires/report.aspx?eventid=1022702&episodeid=1&eventtype=WF,Wildfires
1022701,2,https://www.gdacs.org/Wildfires/report.aspx?eventid=1022701&episodeid=2&eventtype=WF,Wildfires
1022698,2,https://www.gdacs.org/Wildfires/report.aspx?eventid=1022698&episodeid=2&eventtype=WF,Wildfires
1022694,3,https://www.gdacs.org/Wildfires/report.aspx?eventid=1022694&episodeid=3&eventtype=WF,Wildfires
1022691,4,https://www.gdacs.org/Wildfires/report.aspx?eventid=1022691&episodeid=4&eventtype=WF,Wildfires
1022690,4,https://www.gdacs.org/Wildfires/report.aspx?eventid=1022690&episodeid=4&eventtype=WF,Wildfires
1022689,2,https://www.gdacs.org/Wildfires/report.aspx?eventid=1022689&episodeid=2&eventtype=WF,Wildfires
1022686,5,https://www.gdacs.org/Wildfires/report.aspx?eventid=1022686&episodeid=5&eventtype=WF,Wildfires
1022685,4,https://www.gdacs.org/Wildfires/report.aspx?eventid=1022685&episodeid=4&eventtype=WF,Wildfires
1022682,7,https://www.gdacs.org/Wildfires/report.aspx?eventid=1022682&episodeid=7&eventtype=WF,Wildfires
1022678,8,https://www.gdacs.org/Wildfires/report.aspx?eventid=1022678&episodeid=8&eventtype=WF,Wildfires
1022677,6,https://www.gdacs.org/Wildfires/report.aspx?eventid=1022677&episodeid=6&eventtype=WF,Wildfires
1022672,4,https://www.gdacs.org/Wildfires/report.aspx?eventid=1022672&episodeid=4&eventtype=WF,Wildfires
1022668,8,https://www.gdacs.org/Wildfires/report.aspx?eventid=1022668&episodeid=8&eventtype=WF,Wildfires
1022665,11,https://www.gdacs.org/Wildfires/report.aspx?eventid=1022665&episodeid=11&eventtype=WF,Wildfires
1022660,11,https://www.gdacs.org/Wildfires/report.aspx?eventid=1022660&episodeid=11&eventtype=WF,Wildfires
1022657,3,https://www.gdacs.org/Wildfires/report.aspx?eventid=1022657&episodeid=3&eventtype=WF,Wildfires
1022654,4,https://www.gdacs.org/Wildfires/report.aspx?eventid=1022654&episodeid=4&eventtype=WF,Wildfires
1022649,10,https://www.gdacs.org/Wildfires/report.aspx?eventid=1022649&episodeid=10&eventtype=WF,Wildfires
1022647,12,https://www.gdacs.org/Wildfires/report.aspx?eventid=1022647&episodeid=12&eventtype=WF,Wildfires
1022641,8,https://www.gdacs.org/Wildfires/report.aspx?eventid=1022641&episodeid=8&eventtype=WF,Wildfires
1022640,9,https://www.gdacs.org/Wildfires/report.aspx?eventid=1022640&episodeid=9&eventtype=WF,Wildfires
1022637,14,https://www.gdacs.org/Wildfires/report.aspx?eventid=1022637&episodeid=14&eventtype=WF,Wildfires
1022633,13,https://www.gdacs.org/Wildfires/report.aspx?eventid=1022633&episodeid=13&eventtype=WF,Wildfires
1022631,14,https://www.gdacs.org/Wildfires/report.aspx?eventid=1022631&episodeid=14&eventtype=WF,Wildfires
1022620,14,https://www.gdacs.org/Wildfires/report.aspx?eventid=1022620&episodeid=14&eventtype=WF,Wildfires
1022617,12,https://www.gdacs.org/Wildfires/report.aspx?eventid=1022617&episodeid=12&eventtype=WF,Wildfires
1022612,10,https://www.gdacs.org/Wildfires/report.aspx?eventid=1022612&episodeid=10&eventtype=WF,Wildfires
1022604,17,https://www.gdacs.org/Wildfires/report.aspx?eventid=1022604&episodeid=17&eventtype=WF,Wildfires
1022692,1,https://www.gdacs.org/Wildfires/report.aspx?eventid=1022692&episodeid=1&eventtype=WF,Wildfires
1022679,2,https://www.gdacs.org/Wildfires/report.aspx?eventid=1022679&episodeid=2&eventtype=WF,Wildfires
1022676,2,https://www.gdacs.org/Wildfires/report.aspx?eventid=1022676&episodeid=2&eventtype=WF,Wildfires
1022662,6,https://www.gdacs.org/Wildfires/report.aspx?eventid=1022662&episodeid=6&eventtype=WF,Wildfires
1022650,9,https://www.gdacs.org/Wildfires/report.aspx?eventid=1022650&episodeid=9&eventtype=WF,Wildfires
1022648,10,https://www.gdacs.org/Wildfires/report.aspx?eventid=1022648&episodeid=10&eventtype=WF,Wildfires
1022642,5,https://www.gdacs.org/Wildfires/report.aspx?eventid=1022642&episodeid=5&eventtype=WF,Wildfires
1022629,10,https://www.gdacs.org/Wildfires/report.aspx?eventid=1022629&episodeid=10&eventtype=WF,Wildfires
1022607,14,https://www.gdacs.org/Wildfires/report.aspx?eventid=1022607&episodeid=14&eventtype=WF,Wildfires
